ML Model Name,Accuracy,AUC,Precision,Recall,F1,MCC
Logistic Regression,0.8419975440032746,0.9184848830235581,0.8401787933130496,0.8436171107727962,0.8410258122030396,0.6837872596192657
Decision Tree,0.9946786737617683,0.9947502394889456,0.994482529479173,0.9947502394889456,0.9946148304033595,0.9892327327437571
KNN,0.9991813344248874,0.9999972862442434,0.9991712868358422,0.9991712868358422,0.9991712868358422,0.9983425736716844
Naive Bayes,0.6013098649201801,0.8356746261123007,0.7549623000893153,0.6402167069659397,0.566639493783019,0.37815327114272324
Random Forest,1.0,1.0,1.0,1.0,1.0,1.0
XGBoost,0.9443307408923455,0.9903044291207702,0.9428973742503648,0.9449250053596676,0.9437836623256732,0.8878200642295178
