ML Model Name,Accuracy,AUC,Precision,Recall,F1,MCC
Logistic Regression,0.8444408056328803,0.9159545794937568,0.8427444715644388,0.8463278589715113,0.8435415041848835,0.6890630131163162
Decision Tree,0.9988537743572949,0.99889440168176,0.998785886412543,0.99889440168176,0.9988398941904477,0.9976802821928314
KNN,1.0,1.0,1.0,1.0,1.0,1.0
Naive Bayes,0.6091370558375635,0.836721372288087,0.7571965470389094,0.6471391883579541,0.5772184352184535,0.3890691001854221
Random Forest,1.0,1.0,1.0,1.0,1.0,1.0
XGBoost,0.9570984116587522,0.9944781693185177,0.9554963070346365,0.9587230990798044,0.9567437260811406,0.9142137115189961
