ML Model Name,Accuracy,AUC,Precision,Recall,F1,MCC
Logistic Regression,0.965,0.9986666666666667,0.9650445632798574,0.965,0.9649863177272501,0.953357167560454
Decision Tree,0.83,0.8866666666666667,0.8318831447022742,0.83,0.830168476083014,0.7738106637983099
KNN,0.5175,0.7776749999999999,0.5266508223881239,0.5175,0.5199143534769031,0.35742102538841275
Naive Bayes,0.81,0.9505583333333334,0.8113261105197411,0.8099999999999999,0.8104578013732255,0.7468035932115061
Random Forest,0.8775,0.9809416666666666,0.8771246716508385,0.8775,0.8772810191466908,0.836687584117741
XGBoost,0.935,0.9944666666666667,0.9348440285204991,0.935,0.9348861883675805,0.9133561675229523
