ML Model Name,Accuracy,AUC,Precision,Recall,F1,MCC
Logistic Regression,0.8419975440032746,0.9183675130870872,0.8402598257174818,0.8437996108474245,0.8410663241916781,0.6840502778851354
Decision Tree,0.9946786737617683,0.9947502394889456,0.994482529479173,0.9947502394889456,0.9946148304033595,0.9892327327437571
KNN,0.9991813344248874,0.9999972862442434,0.9991712868358422,0.9991712868358422,0.9991712868358422,0.9983425736716844
Naive Bayes,0.6013098649201801,0.8356746261123007,0.7549623000893153,0.6402167069659397,0.566639493783019,0.37815327114272324
Random Forest,1.0,1.0,1.0,1.0,1.0,1.0
XGBoost,0.9476054031927957,0.9913390485029566,0.9461971203198444,0.9482398580162988,0.9470905057182808,0.894434645705204
